{
  "database": {
    "rules": "database.rules.json"
  },
  "firestore": {
    "rules": "firestore.rules",
    "indexes": "firestore.indexes.json"
  },
  "hosting": {
    "public": "public",
    "ignore": [
      "firebase.json",
      "**/.*",
      "**/node_modules/**"
    ]
  },
  "storage": {
    "rules": "storage.rules"
  },
  "emulators": {
    "auth": {
      "port": 9099
    },
    "functions": {
      "port": 5001
    },
    "firestore": {
      "port": 8080
    },
    "database": {
      "port": 5000
    },
    "hosting": {
      "port": 5000
    },
    "ui": {
      "enabled": true
    }
  },
  "remoteconfig": {
    "template": "remoteconfig.template.json"
  }
}
